{
  "last_collected": {
    "10.0.0.9": 1775677750.158046,
    "192.168.1.55": 1775677750.164021,
    "10.1.1.1": 1775677750.166104
  }
}